<?xml version="1.0" encoding="UTF-8"?>
<beans xmlns="http://www.springframework.org/schema/beans"
	   xmlns:xsi="http://www.w3.org/2001/XMLSchema-instance"
	   xsi:schemaLocation="http://www.springframework.org/schema/beans
	   http://www.springframework.org/schema/beans/spring-beans.xsd">

	<bean id="countryList2" class="java.util.ArrayList">
		<constructor-arg>
			<list>
				<bean class="com.cognizant.spring_learn.Country2">
					<property name="code" value="IN"/>
					<property name="name" value="India"/>
				</bean>
				<bean class="com.cognizant.spring_learn.Country2">
					<property name="code" value="US"/>
					<property name="name" value="United States"/>
				</bean>
			</list>
		</constructor-arg>
	</bean>

</beans>
